<component name="InspectionProjectProfileManager">
  <profile version="1.0">
    <option name="myName" value="Project Default" />
    <inspection_tool class="JavaDoc" enabled="true" level="WARNING" enabled_by_default="true">
      <option name="TOP_LEVEL_CLASS_OPTIONS">
        <value>
          <option name="ACCESS_JAVADOC_REQUIRED_FOR" value="none" />
          <option name="REQUIRED_TAGS" value="" />
        </value>
      </option>
      <option name="INNER_CLASS_OPTIONS">
        <value>
          <option name="ACCESS_JAVADOC_REQUIRED_FOR" value="none" />
          <option name="REQUIRED_TAGS" value="" />
        </value>
      </option>
      <option name="METHOD_OPTIONS">
        <value>
          <option name="ACCESS_JAVADOC_REQUIRED_FOR" value="none" />
          <option name="REQUIRED_TAGS" value="@return@param@throws or @exception" />
        </value>
      </option>
      <option name="FIELD_OPTIONS">
        <value>
          <option name="ACCESS_JAVADOC_REQUIRED_FOR" value="none" />
          <option name="REQUIRED_TAGS" value="" />
        </value>
      </option>
      <option name="IGNORE_DEPRECATED" value="false" />
      <option name="IGNORE_JAVADOC_PERIOD" value="true" />
      <option name="IGNORE_DUPLICATED_THROWS" value="false" />
      <option name="IGNORE_POINT_TO_ITSELF" value="false" />
      <option name="myAdditionalJavadocTags" value="date,description" />
    </inspection_tool>
  </profile>
</component>