<component name="libraryTable">
  <library name="Maven: org.springframework.boot:spring-boot-starter-tomcat:2.2.6.RELEASE">
    <CLASSES>
      <root url="jar://$MAVEN_REPOSITORY$/org/springframework/boot/spring-boot-starter-tomcat/2.2.6.RELEASE/spring-boot-starter-tomcat-2.2.6.RELEASE.jar!/" />
    </CLASSES>
    <JAVADOC>
      <root url="jar://$MAVEN_REPOSITORY$/org/springframework/boot/spring-boot-starter-tomcat/2.2.6.RELEASE/spring-boot-starter-tomcat-2.2.6.RELEASE-javadoc.jar!/" />
    </JAVADOC>
    <SOURCES>
      <root url="jar://$MAVEN_REPOSITORY$/org/springframework/boot/spring-boot-starter-tomcat/2.2.6.RELEASE/spring-boot-starter-tomcat-2.2.6.RELEASE-sources.jar!/" />
    </SOURCES>
  </library>
</component>