<component name="libraryTable">
  <library name="Maven: org.hibernate.validator:hibernate-validator:6.0.18.Final">
    <CLASSES>
      <root url="jar://$MAVEN_REPOSITORY$/org/hibernate/validator/hibernate-validator/6.0.18.Final/hibernate-validator-6.0.18.Final.jar!/" />
    </CLASSES>
    <JAVADOC>
      <root url="jar://$MAVEN_REPOSITORY$/org/hibernate/validator/hibernate-validator/6.0.18.Final/hibernate-validator-6.0.18.Final-javadoc.jar!/" />
    </JAVADOC>
    <SOURCES>
      <root url="jar://$MAVEN_REPOSITORY$/org/hibernate/validator/hibernate-validator/6.0.18.Final/hibernate-validator-6.0.18.Final-sources.jar!/" />
    </SOURCES>
  </library>
</component>