<component name="libraryTable">
  <library name="Maven: com.zaxxer:HikariCP:3.4.2">
    <CLASSES>
      <root url="jar://$MAVEN_REPOSITORY$/com/zaxxer/HikariCP/3.4.2/HikariCP-3.4.2.jar!/" />
    </CLASSES>
    <JAVADOC>
      <root url="jar://$MAVEN_REPOSITORY$/com/zaxxer/HikariCP/3.4.2/HikariCP-3.4.2-javadoc.jar!/" />
    </JAVADOC>
    <SOURCES>
      <root url="jar://$MAVEN_REPOSITORY$/com/zaxxer/HikariCP/3.4.2/HikariCP-3.4.2-sources.jar!/" />
    </SOURCES>
  </library>
</component>