<component name="libraryTable">
  <library name="Maven: org.objenesis:objenesis:2.6">
    <CLASSES>
      <root url="jar://$MAVEN_REPOSITORY$/org/objenesis/objenesis/2.6/objenesis-2.6.jar!/" />
    </CLASSES>
    <JAVADOC>
      <root url="jar://$MAVEN_REPOSITORY$/org/objenesis/objenesis/2.6/objenesis-2.6-javadoc.jar!/" />
    </JAVADOC>
    <SOURCES>
      <root url="jar://$MAVEN_REPOSITORY$/org/objenesis/objenesis/2.6/objenesis-2.6-sources.jar!/" />
    </SOURCES>
  </library>
</component>