<component name="libraryTable">
  <library name="Maven: mysql:mysql-connector-java:8.0.18">
    <CLASSES>
      <root url="jar://$MAVEN_REPOSITORY$/mysql/mysql-connector-java/8.0.18/mysql-connector-java-8.0.18.jar!/" />
    </CLASSES>
    <JAVADOC>
      <root url="jar://$MAVEN_REPOSITORY$/mysql/mysql-connector-java/8.0.18/mysql-connector-java-8.0.18-javadoc.jar!/" />
    </JAVADOC>
    <SOURCES>
      <root url="jar://$MAVEN_REPOSITORY$/mysql/mysql-connector-java/8.0.18/mysql-connector-java-8.0.18-sources.jar!/" />
    </SOURCES>
  </library>
</component>