<component name="libraryTable">
  <library name="Maven: org.mybatis:mybatis:3.4.6">
    <CLASSES>
      <root url="jar://$MAVEN_REPOSITORY$/org/mybatis/mybatis/3.4.6/mybatis-3.4.6.jar!/" />
    </CLASSES>
    <JAVADOC>
      <root url="jar://$MAVEN_REPOSITORY$/org/mybatis/mybatis/3.4.6/mybatis-3.4.6-javadoc.jar!/" />
    </JAVADOC>
    <SOURCES>
      <root url="jar://$MAVEN_REPOSITORY$/org/mybatis/mybatis/3.4.6/mybatis-3.4.6-sources.jar!/" />
    </SOURCES>
  </library>
</component>