<component name="libraryTable">
  <library name="Maven: net.bytebuddy:byte-buddy:1.10.8">
    <CLASSES>
      <root url="jar://$MAVEN_REPOSITORY$/net/bytebuddy/byte-buddy/1.10.8/byte-buddy-1.10.8.jar!/" />
    </CLASSES>
    <JAVADOC>
      <root url="jar://$MAVEN_REPOSITORY$/net/bytebuddy/byte-buddy/1.10.8/byte-buddy-1.10.8-javadoc.jar!/" />
    </JAVADOC>
    <SOURCES>
      <root url="jar://$MAVEN_REPOSITORY$/net/bytebuddy/byte-buddy/1.10.8/byte-buddy-1.10.8-sources.jar!/" />
    </SOURCES>
  </library>
</component>