<component name="libraryTable">
  <library name="Maven: org.hamcrest:hamcrest-core:2.1">
    <CLASSES>
      <root url="jar://$MAVEN_REPOSITORY$/org/hamcrest/hamcrest-core/2.1/hamcrest-core-2.1.jar!/" />
    </CLASSES>
    <JAVADOC>
      <root url="jar://$MAVEN_REPOSITORY$/org/hamcrest/hamcrest-core/2.1/hamcrest-core-2.1-javadoc.jar!/" />
    </JAVADOC>
    <SOURCES>
      <root url="jar://$MAVEN_REPOSITORY$/org/hamcrest/hamcrest-core/2.1/hamcrest-core-2.1-sources.jar!/" />
    </SOURCES>
  </library>
</component>