<component name="libraryTable">
  <library name="Maven: org.mybatis:mybatis-spring:1.3.2">
    <CLASSES>
      <root url="jar://$MAVEN_REPOSITORY$/org/mybatis/mybatis-spring/1.3.2/mybatis-spring-1.3.2.jar!/" />
    </CLASSES>
    <JAVADOC>
      <root url="jar://$MAVEN_REPOSITORY$/org/mybatis/mybatis-spring/1.3.2/mybatis-spring-1.3.2-javadoc.jar!/" />
    </JAVADOC>
    <SOURCES>
      <root url="jar://$MAVEN_REPOSITORY$/org/mybatis/mybatis-spring/1.3.2/mybatis-spring-1.3.2-sources.jar!/" />
    </SOURCES>
  </library>
</component>