<component name="libraryTable">
  <library name="Maven: com.fasterxml.jackson.core:jackson-databind:2.10.3">
    <CLASSES>
      <root url="jar://$MAVEN_REPOSITORY$/com/fasterxml/jackson/core/jackson-databind/2.10.3/jackson-databind-2.10.3.jar!/" />
    </CLASSES>
    <JAVADOC>
      <root url="jar://$MAVEN_REPOSITORY$/com/fasterxml/jackson/core/jackson-databind/2.10.3/jackson-databind-2.10.3-javadoc.jar!/" />
    </JAVADOC>
    <SOURCES>
      <root url="jar://$MAVEN_REPOSITORY$/com/fasterxml/jackson/core/jackson-databind/2.10.3/jackson-databind-2.10.3-sources.jar!/" />
    </SOURCES>
  </library>
</component>