<component name="libraryTable">
  <library name="Maven: net.minidev:json-smart:2.3">
    <CLASSES>
      <root url="jar://$MAVEN_REPOSITORY$/net/minidev/json-smart/2.3/json-smart-2.3.jar!/" />
    </CLASSES>
    <JAVADOC>
      <root url="jar://$MAVEN_REPOSITORY$/net/minidev/json-smart/2.3/json-smart-2.3-javadoc.jar!/" />
    </JAVADOC>
    <SOURCES>
      <root url="jar://$MAVEN_REPOSITORY$/net/minidev/json-smart/2.3/json-smart-2.3-sources.jar!/" />
    </SOURCES>
  </library>
</component>