<component name="libraryTable">
  <library name="Maven: net.minidev:accessors-smart:1.2">
    <CLASSES>
      <root url="jar://$MAVEN_REPOSITORY$/net/minidev/accessors-smart/1.2/accessors-smart-1.2.jar!/" />
    </CLASSES>
    <JAVADOC>
      <root url="jar://$MAVEN_REPOSITORY$/net/minidev/accessors-smart/1.2/accessors-smart-1.2-javadoc.jar!/" />
    </JAVADOC>
    <SOURCES>
      <root url="jar://$MAVEN_REPOSITORY$/net/minidev/accessors-smart/1.2/accessors-smart-1.2-sources.jar!/" />
    </SOURCES>
  </library>
</component>