<component name="libraryTable">
  <library name="Maven: org.xmlunit:xmlunit-core:2.6.4">
    <CLASSES>
      <root url="jar://$MAVEN_REPOSITORY$/org/xmlunit/xmlunit-core/2.6.4/xmlunit-core-2.6.4.jar!/" />
    </CLASSES>
    <JAVADOC>
      <root url="jar://$MAVEN_REPOSITORY$/org/xmlunit/xmlunit-core/2.6.4/xmlunit-core-2.6.4-javadoc.jar!/" />
    </JAVADOC>
    <SOURCES>
      <root url="jar://$MAVEN_REPOSITORY$/org/xmlunit/xmlunit-core/2.6.4/xmlunit-core-2.6.4-sources.jar!/" />
    </SOURCES>
  </library>
</component>