<?xml version="1.0" encoding="UTF-8"?>
<project version="4">
  <component name="dataSourceStorageLocal">
    <data-source name="material_distribution@localhost" uuid="a7bcd284-c0fe-4a77-99e2-53d59f4bccd7">
      <database-info product="MySQL" version="8.0.17" jdbc-version="4.2" driver-name="MySQL Connector/J" driver-version="mysql-connector-java-8.0.15 (Revision: 79a4336f140499bd22dd07f02b708e163844e3d5)" dbms="MYSQL" exact-version="8.0.17" exact-driver-version="8.0">
        <extra-name-characters>#@</extra-name-characters>
        <identifier-quote-string>`</identifier-quote-string>
      </database-info>
      <case-sensitivity plain-identifiers="lower" quoted-identifiers="lower" />
      <secret-storage>master_key</secret-storage>
      <user-name>root</user-name>
      <schema-mapping>
        <introspection-scope>
          <node kind="schema" qname="material_distribution" />
        </introspection-scope>
      </schema-mapping>
    </data-source>
  </component>
</project>