<?xml version="1.0" encoding="UTF-8"?>
<project version="4">
  <component name="DataSourceManagerImpl" format="xml" multifile-model="true">
    <data-source source="LOCAL" name="material_distribution@localhost" uuid="a7bcd284-c0fe-4a77-99e2-53d59f4bccd7">
      <driver-ref>mysql.8</driver-ref>
      <synchronize>true</synchronize>
      <jdbc-driver>com.mysql.cj.jdbc.Driver</jdbc-driver>
      <jdbc-url>jdbc:mysql://localhost:3306/material_distribution</jdbc-url>
      <driver-properties>
        <property name="serverTimezone" value="UTC" />
      </driver-properties>
    </data-source>
  </component>
</project>