<?xml version="1.0" encoding="UTF-8"?>
<project version="4">
  <component name="ChangeListManager">
    <list default="true" id="cbac1e84-5cf9-4356-9682-80fef6c38752" name="Default Changelist" comment="">
      <change afterPath="$PROJECT_DIR$/src/main/java/software/practice/distribution/service/AddDealService.java" afterDir="false" />
      <change afterPath="$PROJECT_DIR$/src/main/resources/application.yml" afterDir="false" />
      <change afterPath="$PROJECT_DIR$/src/test/java/software/practice/distribution/AddDealTests.java" afterDir="false" />
      <change beforePath="$PROJECT_DIR$/pom.xml" beforeDir="false" afterPath="$PROJECT_DIR$/pom.xml" afterDir="false" />
      <change beforePath="$PROJECT_DIR$/src/main/java/software/practice/distribution/DistributionApplication.java" beforeDir="false" afterPath="$PROJECT_DIR$/src/main/java/software/practice/distribution/DistributionApplication.java" afterDir="false" />
      <change beforePath="$PROJECT_DIR$/src/main/resources/SqlMapConfig.xml" beforeDir="false" />
      <change beforePath="$PROJECT_DIR$/src/main/resources/application.properties" beforeDir="false" />
      <change beforePath="$PROJECT_DIR$/src/test/java/software/practice/distribution/MyBatisTest.java" beforeDir="false" />
    </list>
    <option name="SHOW_DIALOG" value="false" />
    <option name="HIGHLIGHT_CONFLICTS" value="true" />
    <option name="HIGHLIGHT_NON_ACTIVE_CHANGELIST" value="false" />
    <option name="LAST_RESOLUTION" value="IGNORE" />
  </component>
  <component name="CodeStyleSettingsInfer">
    <option name="done" value="true" />
  </component>
  <component name="FileTemplateManagerImpl">
    <option name="RECENT_TEMPLATES">
      <list>
        <option value="spring-beans.schema" />
        <option value="Class" />
      </list>
    </option>
  </component>
  <component name="Git.Settings">
    <option name="RECENT_GIT_ROOT_PATH" value="$PROJECT_DIR$/../.." />
  </component>
  <component name="ProjectCodeStyleSettingsMigration">
    <option name="version" value="1" />
  </component>
  <component name="ProjectId" id="1aW20VKAqIZE760PAT5BvLVaB3s" />
  <component name="ProjectLevelVcsManager" settingsEditedManually="true">
    <ConfirmationsSetting value="2" id="Add" />
  </component>
  <component name="ProjectViewState">
    <option name="hideEmptyMiddlePackages" value="true" />
    <option name="showLibraryContents" value="true" />
  </component>
  <component name="PropertiesComponent">
    <property name="ASKED_ADD_EXTERNAL_FILES" value="true" />
    <property name="DatabaseDriversLRU" value="mysql" />
    <property name="RequestMappingsPanelOrder0" value="0" />
    <property name="RequestMappingsPanelOrder1" value="1" />
    <property name="RequestMappingsPanelWidth0" value="75" />
    <property name="RequestMappingsPanelWidth1" value="75" />
    <property name="RunOnceActivity.OpenProjectViewOnStart" value="true" />
    <property name="RunOnceActivity.ShowReadmeOnStart" value="true" />
    <property name="WebServerToolWindowFactoryState" value="false" />
    <property name="aspect.path.notification.shown" value="true" />
    <property name="node.js.detected.package.eslint" value="true" />
    <property name="node.js.detected.package.tslint" value="true" />
    <property name="node.js.path.for.package.eslint" value="project" />
    <property name="node.js.path.for.package.tslint" value="project" />
    <property name="node.js.selected.package.eslint" value="(autodetect)" />
    <property name="node.js.selected.package.tslint" value="(autodetect)" />
    <property name="project.structure.last.edited" value="Modules" />
    <property name="project.structure.proportion" value="0.0" />
    <property name="project.structure.side.proportion" value="0.0" />
    <property name="settings.editor.selected.configurable" value="vcs.Git" />
  </component>
  <component name="RunManager" selected="JUnit.AddDealTests.add">
    <configuration name="AddDealTests.add" type="JUnit" factoryName="JUnit" temporary="true" nameIsGenerated="true">
      <module name="distribution" />
      <extension name="coverage">
        <pattern>
          <option name="PATTERN" value="software.practice.distribution.*" />
          <option name="ENABLED" value="true" />
        </pattern>
      </extension>
      <option name="PACKAGE_NAME" value="software.practice.distribution" />
      <option name="MAIN_CLASS_NAME" value="software.practice.distribution.AddDealTests" />
      <option name="METHOD_NAME" value="add" />
      <option name="TEST_OBJECT" value="method" />
      <method v="2">
        <option name="Make" enabled="true" />
        <option name="BSP.BeforeRunTask" enabled="true" />
      </method>
    </configuration>
    <configuration name="MyBatisTest.addUser" type="JUnit" factoryName="JUnit" temporary="true" nameIsGenerated="true">
      <module name="distribution" />
      <extension name="coverage">
        <pattern>
          <option name="PATTERN" value="software.practice.distribution.*" />
          <option name="ENABLED" value="true" />
        </pattern>
      </extension>
      <option name="PACKAGE_NAME" value="software.practice.distribution" />
      <option name="MAIN_CLASS_NAME" value="software.practice.distribution.MyBatisTest" />
      <option name="METHOD_NAME" value="addUser" />
      <option name="TEST_OBJECT" value="method" />
      <method v="2">
        <option name="Make" enabled="true" />
        <option name="BSP.BeforeRunTask" enabled="true" />
      </method>
    </configuration>
    <configuration name="MyBatisTest.testFindById" type="JUnit" factoryName="JUnit" temporary="true" nameIsGenerated="true">
      <module name="distribution" />
      <extension name="coverage">
        <pattern>
          <option name="PATTERN" value="software.practice.distribution.*" />
          <option name="ENABLED" value="true" />
        </pattern>
      </extension>
      <option name="PACKAGE_NAME" value="software.practice.distribution" />
      <option name="MAIN_CLASS_NAME" value="software.practice.distribution.MyBatisTest" />
      <option name="METHOD_NAME" value="testFindById" />
      <option name="TEST_OBJECT" value="method" />
      <method v="2">
        <option name="Make" enabled="true" />
        <option name="BSP.BeforeRunTask" enabled="true" />
      </method>
    </configuration>
    <configuration default="true" type="JUnit" factoryName="JUnit">
      <option name="TEST_OBJECT" value="class" />
      <method v="2">
        <option name="Make" enabled="true" />
        <option name="BSP.BeforeRunTask" enabled="true" />
      </method>
    </configuration>
    <configuration name="DistributionApplication" type="SpringBootApplicationConfigurationType" factoryName="Spring Boot">
      <module name="distribution" />
      <option name="SPRING_BOOT_MAIN_CLASS" value="software.practice.distribution.DistributionApplication" />
      <method v="2">
        <option name="Make" enabled="true" />
      </method>
    </configuration>
    <recent_temporary>
      <list>
        <item itemvalue="JUnit.AddDealTests.add" />
        <item itemvalue="JUnit.MyBatisTest.testFindById" />
        <item itemvalue="JUnit.MyBatisTest.addUser" />
      </list>
    </recent_temporary>
  </component>
  <component name="SvnConfiguration">
    <configuration />
  </component>
  <component name="TaskManager">
    <task active="true" id="Default" summary="Default task">
      <changelist id="cbac1e84-5cf9-4356-9682-80fef6c38752" name="Default Changelist" comment="" />
      <created>1586836805995</created>
      <option name="number" value="Default" />
      <option name="presentableId" value="Default" />
      <updated>1586836805995</updated>
      <workItem from="1586836813291" duration="9510000" />
      <workItem from="1586856245077" duration="139000" />
      <workItem from="1586919500888" duration="4903000" />
      <workItem from="1586938572466" duration="362000" />
    </task>
    <task id="LOCAL-00001" summary="修改数据库">
      <created>1586920208123</created>
      <option name="number" value="00001" />
      <option name="presentableId" value="LOCAL-00001" />
      <option name="project" value="LOCAL" />
      <updated>1586920208123</updated>
    </task>
    <option name="localTasksCounter" value="2" />
    <servers />
  </component>
  <component name="TypeScriptGeneratedFilesManager">
    <option name="version" value="2" />
  </component>
  <component name="VcsManagerConfiguration">
    <option name="ADD_EXTERNAL_FILES_SILENTLY" value="true" />
    <MESSAGE value="修改数据库" />
    <option name="LAST_COMMIT_MESSAGE" value="修改数据库" />
  </component>
  <component name="WindowStateProjectService">
    <state x="249" y="0" key="#Project_Structure" timestamp="1586856290877">
      <screen x="0" y="0" width="1536" height="824" />
    </state>
    <state x="249" y="0" key="#Project_Structure/0.0.1536.824@0.0.1536.824" timestamp="1586856290877" />
    <state x="223" y="67" width="1164" height="689" key="#com.intellij.execution.impl.EditConfigurationsDialog" timestamp="1586854759704">
      <screen x="0" y="0" width="1536" height="824" />
    </state>
    <state x="223" y="67" width="1164" height="689" key="#com.intellij.execution.impl.EditConfigurationsDialog/0.0.1536.824@0.0.1536.824" timestamp="1586854759704" />
    <state x="574" y="96" key="#com.intellij.ide.util.MemberChooser" timestamp="1586854898075">
      <screen x="0" y="0" width="1536" height="824" />
    </state>
    <state x="574" y="96" key="#com.intellij.ide.util.MemberChooser/0.0.1536.824@0.0.1536.824" timestamp="1586854898075" />
    <state x="291" y="0" key="CommitChangelistDialog2" timestamp="1586920207215">
      <screen x="0" y="0" width="1536" height="824" />
    </state>
    <state x="291" y="0" key="CommitChangelistDialog2/0.0.1536.824@0.0.1536.824" timestamp="1586920207215" />
    <state x="549" y="167" key="FileChooserDialogImpl" timestamp="1586938606047">
      <screen x="0" y="0" width="1536" height="824" />
    </state>
    <state x="549" y="167" key="FileChooserDialogImpl/0.0.1536.824@0.0.1536.824" timestamp="1586938606047" />
    <state width="1493" height="210" key="GridCell.Tab.0.bottom" timestamp="1586938937082">
      <screen x="0" y="0" width="1536" height="824" />
    </state>
    <state width="1493" height="210" key="GridCell.Tab.0.bottom/0.0.1536.824@0.0.1536.824" timestamp="1586938937082" />
    <state width="1493" height="210" key="GridCell.Tab.0.center" timestamp="1586938937082">
      <screen x="0" y="0" width="1536" height="824" />
    </state>
    <state width="1493" height="210" key="GridCell.Tab.0.center/0.0.1536.824@0.0.1536.824" timestamp="1586938937082" />
    <state width="1493" height="210" key="GridCell.Tab.0.left" timestamp="1586938937082">
      <screen x="0" y="0" width="1536" height="824" />
    </state>
    <state width="1493" height="210" key="GridCell.Tab.0.left/0.0.1536.824@0.0.1536.824" timestamp="1586938937082" />
    <state width="1493" height="210" key="GridCell.Tab.0.right" timestamp="1586938937082">
      <screen x="0" y="0" width="1536" height="824" />
    </state>
    <state width="1493" height="210" key="GridCell.Tab.0.right/0.0.1536.824@0.0.1536.824" timestamp="1586938937082" />
    <state width="1493" height="210" key="GridCell.Tab.1.bottom" timestamp="1586924352416">
      <screen x="0" y="0" width="1536" height="824" />
    </state>
    <state width="1493" height="210" key="GridCell.Tab.1.bottom/0.0.1536.824@0.0.1536.824" timestamp="1586924352416" />
    <state width="1493" height="210" key="GridCell.Tab.1.center" timestamp="1586924352415">
      <screen x="0" y="0" width="1536" height="824" />
    </state>
    <state width="1493" height="210" key="GridCell.Tab.1.center/0.0.1536.824@0.0.1536.824" timestamp="1586924352415" />
    <state width="1493" height="210" key="GridCell.Tab.1.left" timestamp="1586924352415">
      <screen x="0" y="0" width="1536" height="824" />
    </state>
    <state width="1493" height="210" key="GridCell.Tab.1.left/0.0.1536.824@0.0.1536.824" timestamp="1586924352415" />
    <state width="1493" height="210" key="GridCell.Tab.1.right" timestamp="1586924352415">
      <screen x="0" y="0" width="1536" height="824" />
    </state>
    <state width="1493" height="210" key="GridCell.Tab.1.right/0.0.1536.824@0.0.1536.824" timestamp="1586924352415" />
    <state width="212" height="477" key="HiddenNamespacesPopup" timestamp="1586920136132">
      <screen x="0" y="0" width="1536" height="824" />
    </state>
    <state width="212" height="477" key="HiddenNamespacesPopup/0.0.1536.824@0.0.1536.824" timestamp="1586920136132" />
    <state x="270" y="57" key="SettingsEditor" timestamp="1586938612020">
      <screen x="0" y="0" width="1536" height="824" />
    </state>
    <state x="270" y="57" key="SettingsEditor/0.0.1536.824@0.0.1536.824" timestamp="1586938612020" />
    <state x="612" y="19" key="com.intellij.database.view.ui.AbstractDbRefactoringDialog" timestamp="1586920129262">
      <screen x="0" y="0" width="1536" height="824" />
    </state>
    <state x="612" y="19" key="com.intellij.database.view.ui.AbstractDbRefactoringDialog/0.0.1536.824@0.0.1536.824" timestamp="1586920129262" />
  </component>
</project>