<?xml version="1.0" encoding="UTF-8"?>
<!DOCTYPE generatorConfiguration
        PUBLIC "-//mybatis.org//DTD MyBatis Generator Configuration 1.0//EN"
        "http://mybatis.org/dtd/mybatis-generator-config_1_0.dtd">

<generatorConfiguration>

    <context id="DB2Tables" targetRuntime="MyBatis3">
        <!-- Mysql数据库连接的信息：驱动类、连接地址、用户名、密码 -->
        <jdbcConnection driverClass="com.mysql.cj.jdbc.Driver"
                        connectionURL="jdbc:mysql://localhost:3306/material_distribution?serverTimezone=UTC"
                        userId="root"
                        password="1999">
            <property name="nullCatalogMeansCurrent" value="true" />
        </jdbcConnection>

        <javaTypeResolver >
            <!-- 默认为false，把JDBC DECIMAL 和NUMERIC类型解析为Integer，
            为true时把JDBC DECIMAL 和NUMERIC类型解析为java.math.BigDecimal -->
            <property name="forceBigDecimals" value="false" />
        </javaTypeResolver>

        <!-- targetProject：生成POJO类的位置 -->
        <javaModelGenerator targetPackage="software.practice.distribution.entity" targetProject=".\src\main\java">
            <!-- enableSubPackages:是否让schema作为包的后缀 -->
            <property name="enableSubPackages" value="false" />
            <!-- 从数据库返回的值被清理前后的空格 -->
            <property name="trimStrings" value="true" />
        </javaModelGenerator>

        <!-- targetProject：mapper映射文件生成的位置 -->
        <sqlMapGenerator targetPackage="mapper"  targetProject=".\src\main\resources">
            <!-- enableSubPackages:是否让schema作为包的后缀 -->
            <property name="enableSubPackages" value="false" />
        </sqlMapGenerator>

        <!-- targetProject：mapper接口生成的的位置 -->
        <javaClientGenerator type="XMLMAPPER" targetPackage="software.practice.distribution.mapper"  targetProject=".\src\main\java">
            <!-- enableSubPackages:是否让schema作为包的后缀 -->
            <property name="enableSubPackages" value="true" />
        </javaClientGenerator>

        <!-- 指定数据表 -->
        <table tableName="application"/>
        <table tableName="application_response"/>
        <table tableName="arrangement"/>
        <table tableName="community"/>
        <table tableName="deal"/>
        <table tableName="deal_response"/>
        <table tableName="notification"/>
        <table tableName="package"/>
        <table tableName="property"/>
        <table tableName="user"/>

    </context>
</generatorConfiguration>
