<?xml version="1.0" encoding="UTF-8"?>
<!DOCTYPE mapper PUBLIC "-//mybatis.org//DTD Mapper 3.0//EN" "http://mybatis.org/dtd/mybatis-3-mapper.dtd">
<mapper namespace="software.practice.distribution.mapper.ArrangementMapper">
  <resultMap id="BaseResultMap" type="software.practice.distribution.entity.Arrangement">
    <!--
      WARNING - @mbg.generated
      This element is automatically generated by MyBatis Generator, do not modify.
      This element was generated on Wed Apr 15 11:06:09 CST 2020.
    -->
    <id column="arrangement_id" jdbcType="INTEGER" property="arrangementId" />
    <result column="arrangement_time" jdbcType="TIMESTAMP" property="arrangementTime" />
    <result column="arrangement_package" jdbcType="INTEGER" property="arrangementPackage" />
    <result column="arrangement_location" jdbcType="VARCHAR" property="arrangementLocation" />
  </resultMap>
  <sql id="Example_Where_Clause">
    <!--
      WARNING - @mbg.generated
      This element is automatically generated by MyBatis Generator, do not modify.
      This element was generated on Wed Apr 15 11:06:09 CST 2020.
    -->
    <where>
      <foreach collection="oredCriteria" item="criteria" separator="or">
        <if test="criteria.valid">
          <trim prefix="(" prefixOverrides="and" suffix=")">
            <foreach collection="criteria.criteria" item="criterion">
              <choose>
                <when test="criterion.noValue">
                  and ${criterion.condition}
                </when>
                <when test="criterion.singleValue">
                  and ${criterion.condition} #{criterion.value}
                </when>
                <when test="criterion.betweenValue">
                  and ${criterion.condition} #{criterion.value} and #{criterion.secondValue}
                </when>
                <when test="criterion.listValue">
                  and ${criterion.condition}
                  <foreach close=")" collection="criterion.value" item="listItem" open="(" separator=",">
                    #{listItem}
                  </foreach>
                </when>
              </choose>
            </foreach>
          </trim>
        </if>
      </foreach>
    </where>
  </sql>
  <sql id="Update_By_Example_Where_Clause">
    <!--
      WARNING - @mbg.generated
      This element is automatically generated by MyBatis Generator, do not modify.
      This element was generated on Wed Apr 15 11:06:09 CST 2020.
    -->
    <where>
      <foreach collection="example.oredCriteria" item="criteria" separator="or">
        <if test="criteria.valid">
          <trim prefix="(" prefixOverrides="and" suffix=")">
            <foreach collection="criteria.criteria" item="criterion">
              <choose>
                <when test="criterion.noValue">
                  and ${criterion.condition}
                </when>
                <when test="criterion.singleValue">
                  and ${criterion.condition} #{criterion.value}
                </when>
                <when test="criterion.betweenValue">
                  and ${criterion.condition} #{criterion.value} and #{criterion.secondValue}
                </when>
                <when test="criterion.listValue">
                  and ${criterion.condition}
                  <foreach close=")" collection="criterion.value" item="listItem" open="(" separator=",">
                    #{listItem}
                  </foreach>
                </when>
              </choose>
            </foreach>
          </trim>
        </if>
      </foreach>
    </where>
  </sql>
  <sql id="Base_Column_List">
    <!--
      WARNING - @mbg.generated
      This element is automatically generated by MyBatis Generator, do not modify.
      This element was generated on Wed Apr 15 11:06:09 CST 2020.
    -->
    arrangement_id, arrangement_time, arrangement_package, arrangement_location
  </sql>
  <select id="selectByExample" parameterType="software.practice.distribution.entity.ArrangementExample" resultMap="BaseResultMap">
    <!--
      WARNING - @mbg.generated
      This element is automatically generated by MyBatis Generator, do not modify.
      This element was generated on Wed Apr 15 11:06:09 CST 2020.
    -->
    select
    <if test="distinct">
      distinct
    </if>
    <include refid="Base_Column_List" />
    from arrangement
    <if test="_parameter != null">
      <include refid="Example_Where_Clause" />
    </if>
    <if test="orderByClause != null">
      order by ${orderByClause}
    </if>
  </select>
  <select id="selectByPrimaryKey" parameterType="java.lang.Integer" resultMap="BaseResultMap">
    <!--
      WARNING - @mbg.generated
      This element is automatically generated by MyBatis Generator, do not modify.
      This element was generated on Wed Apr 15 11:06:09 CST 2020.
    -->
    select 
    <include refid="Base_Column_List" />
    from arrangement
    where arrangement_id = #{arrangementId,jdbcType=INTEGER}
  </select>
  <delete id="deleteByPrimaryKey" parameterType="java.lang.Integer">
    <!--
      WARNING - @mbg.generated
      This element is automatically generated by MyBatis Generator, do not modify.
      This element was generated on Wed Apr 15 11:06:09 CST 2020.
    -->
    delete from arrangement
    where arrangement_id = #{arrangementId,jdbcType=INTEGER}
  </delete>
  <delete id="deleteByExample" parameterType="software.practice.distribution.entity.ArrangementExample">
    <!--
      WARNING - @mbg.generated
      This element is automatically generated by MyBatis Generator, do not modify.
      This element was generated on Wed Apr 15 11:06:09 CST 2020.
    -->
    delete from arrangement
    <if test="_parameter != null">
      <include refid="Example_Where_Clause" />
    </if>
  </delete>
  <insert id="insert" parameterType="software.practice.distribution.entity.Arrangement">
    <!--
      WARNING - @mbg.generated
      This element is automatically generated by MyBatis Generator, do not modify.
      This element was generated on Wed Apr 15 11:06:09 CST 2020.
    -->
    insert into arrangement (arrangement_id, arrangement_time, 
      arrangement_package, arrangement_location
      )
    values (#{arrangementId,jdbcType=INTEGER}, #{arrangementTime,jdbcType=TIMESTAMP}, 
      #{arrangementPackage,jdbcType=INTEGER}, #{arrangementLocation,jdbcType=VARCHAR}
      )
  </insert>
  <insert id="insertSelective" parameterType="software.practice.distribution.entity.Arrangement">
    <!--
      WARNING - @mbg.generated
      This element is automatically generated by MyBatis Generator, do not modify.
      This element was generated on Wed Apr 15 11:06:09 CST 2020.
    -->
    insert into arrangement
    <trim prefix="(" suffix=")" suffixOverrides=",">
      <if test="arrangementId != null">
        arrangement_id,
      </if>
      <if test="arrangementTime != null">
        arrangement_time,
      </if>
      <if test="arrangementPackage != null">
        arrangement_package,
      </if>
      <if test="arrangementLocation != null">
        arrangement_location,
      </if>
    </trim>
    <trim prefix="values (" suffix=")" suffixOverrides=",">
      <if test="arrangementId != null">
        #{arrangementId,jdbcType=INTEGER},
      </if>
      <if test="arrangementTime != null">
        #{arrangementTime,jdbcType=TIMESTAMP},
      </if>
      <if test="arrangementPackage != null">
        #{arrangementPackage,jdbcType=INTEGER},
      </if>
      <if test="arrangementLocation != null">
        #{arrangementLocation,jdbcType=VARCHAR},
      </if>
    </trim>
  </insert>
  <select id="countByExample" parameterType="software.practice.distribution.entity.ArrangementExample" resultType="java.lang.Long">
    <!--
      WARNING - @mbg.generated
      This element is automatically generated by MyBatis Generator, do not modify.
      This element was generated on Wed Apr 15 11:06:09 CST 2020.
    -->
    select count(*) from arrangement
    <if test="_parameter != null">
      <include refid="Example_Where_Clause" />
    </if>
  </select>
  <update id="updateByExampleSelective" parameterType="map">
    <!--
      WARNING - @mbg.generated
      This element is automatically generated by MyBatis Generator, do not modify.
      This element was generated on Wed Apr 15 11:06:09 CST 2020.
    -->
    update arrangement
    <set>
      <if test="record.arrangementId != null">
        arrangement_id = #{record.arrangementId,jdbcType=INTEGER},
      </if>
      <if test="record.arrangementTime != null">
        arrangement_time = #{record.arrangementTime,jdbcType=TIMESTAMP},
      </if>
      <if test="record.arrangementPackage != null">
        arrangement_package = #{record.arrangementPackage,jdbcType=INTEGER},
      </if>
      <if test="record.arrangementLocation != null">
        arrangement_location = #{record.arrangementLocation,jdbcType=VARCHAR},
      </if>
    </set>
    <if test="_parameter != null">
      <include refid="Update_By_Example_Where_Clause" />
    </if>
  </update>
  <update id="updateByExample" parameterType="map">
    <!--
      WARNING - @mbg.generated
      This element is automatically generated by MyBatis Generator, do not modify.
      This element was generated on Wed Apr 15 11:06:09 CST 2020.
    -->
    update arrangement
    set arrangement_id = #{record.arrangementId,jdbcType=INTEGER},
      arrangement_time = #{record.arrangementTime,jdbcType=TIMESTAMP},
      arrangement_package = #{record.arrangementPackage,jdbcType=INTEGER},
      arrangement_location = #{record.arrangementLocation,jdbcType=VARCHAR}
    <if test="_parameter != null">
      <include refid="Update_By_Example_Where_Clause" />
    </if>
  </update>
  <update id="updateByPrimaryKeySelective" parameterType="software.practice.distribution.entity.Arrangement">
    <!--
      WARNING - @mbg.generated
      This element is automatically generated by MyBatis Generator, do not modify.
      This element was generated on Wed Apr 15 11:06:09 CST 2020.
    -->
    update arrangement
    <set>
      <if test="arrangementTime != null">
        arrangement_time = #{arrangementTime,jdbcType=TIMESTAMP},
      </if>
      <if test="arrangementPackage != null">
        arrangement_package = #{arrangementPackage,jdbcType=INTEGER},
      </if>
      <if test="arrangementLocation != null">
        arrangement_location = #{arrangementLocation,jdbcType=VARCHAR},
      </if>
    </set>
    where arrangement_id = #{arrangementId,jdbcType=INTEGER}
  </update>
  <update id="updateByPrimaryKey" parameterType="software.practice.distribution.entity.Arrangement">
    <!--
      WARNING - @mbg.generated
      This element is automatically generated by MyBatis Generator, do not modify.
      This element was generated on Wed Apr 15 11:06:09 CST 2020.
    -->
    update arrangement
    set arrangement_time = #{arrangementTime,jdbcType=TIMESTAMP},
      arrangement_package = #{arrangementPackage,jdbcType=INTEGER},
      arrangement_location = #{arrangementLocation,jdbcType=VARCHAR}
    where arrangement_id = #{arrangementId,jdbcType=INTEGER}
  </update>
</mapper>