<?xml version="1.0" encoding="UTF-8"?>
<!DOCTYPE mapper PUBLIC "-//mybatis.org//DTD Mapper 3.0//EN" "http://mybatis.org/dtd/mybatis-3-mapper.dtd">
<mapper namespace="software.practice.distribution.mapper.CommunityMapper">
  <resultMap id="BaseResultMap" type="software.practice.distribution.entity.Community">
    <!--
      WARNING - @mbg.generated
      This element is automatically generated by MyBatis Generator, do not modify.
      This element was generated on Wed Apr 15 11:06:09 CST 2020.
    -->
    <id column="community_id" jdbcType="INTEGER" property="communityId" />
    <result column="community_name" jdbcType="VARCHAR" property="communityName" />
    <result column="community_client" jdbcType="INTEGER" property="communityClient" />
  </resultMap>
  <sql id="Example_Where_Clause">
    <!--
      WARNING - @mbg.generated
      This element is automatically generated by MyBatis Generator, do not modify.
      This element was generated on Wed Apr 15 11:06:09 CST 2020.
    -->
    <where>
      <foreach collection="oredCriteria" item="criteria" separator="or">
        <if test="criteria.valid">
          <trim prefix="(" prefixOverrides="and" suffix=")">
            <foreach collection="criteria.criteria" item="criterion">
              <choose>
                <when test="criterion.noValue">
                  and ${criterion.condition}
                </when>
                <when test="criterion.singleValue">
                  and ${criterion.condition} #{criterion.value}
                </when>
                <when test="criterion.betweenValue">
                  and ${criterion.condition} #{criterion.value} and #{criterion.secondValue}
                </when>
                <when test="criterion.listValue">
                  and ${criterion.condition}
                  <foreach close=")" collection="criterion.value" item="listItem" open="(" separator=",">
                    #{listItem}
                  </foreach>
                </when>
              </choose>
            </foreach>
          </trim>
        </if>
      </foreach>
    </where>
  </sql>
  <sql id="Update_By_Example_Where_Clause">
    <!--
      WARNING - @mbg.generated
      This element is automatically generated by MyBatis Generator, do not modify.
      This element was generated on Wed Apr 15 11:06:09 CST 2020.
    -->
    <where>
      <foreach collection="example.oredCriteria" item="criteria" separator="or">
        <if test="criteria.valid">
          <trim prefix="(" prefixOverrides="and" suffix=")">
            <foreach collection="criteria.criteria" item="criterion">
              <choose>
                <when test="criterion.noValue">
                  and ${criterion.condition}
                </when>
                <when test="criterion.singleValue">
                  and ${criterion.condition} #{criterion.value}
                </when>
                <when test="criterion.betweenValue">
                  and ${criterion.condition} #{criterion.value} and #{criterion.secondValue}
                </when>
                <when test="criterion.listValue">
                  and ${criterion.condition}
                  <foreach close=")" collection="criterion.value" item="listItem" open="(" separator=",">
                    #{listItem}
                  </foreach>
                </when>
              </choose>
            </foreach>
          </trim>
        </if>
      </foreach>
    </where>
  </sql>
  <sql id="Base_Column_List">
    <!--
      WARNING - @mbg.generated
      This element is automatically generated by MyBatis Generator, do not modify.
      This element was generated on Wed Apr 15 11:06:09 CST 2020.
    -->
    community_id, community_name, community_client
  </sql>
  <select id="selectByExample" parameterType="software.practice.distribution.entity.CommunityExample" resultMap="BaseResultMap">
    <!--
      WARNING - @mbg.generated
      This element is automatically generated by MyBatis Generator, do not modify.
      This element was generated on Wed Apr 15 11:06:09 CST 2020.
    -->
    select
    <if test="distinct">
      distinct
    </if>
    <include refid="Base_Column_List" />
    from community
    <if test="_parameter != null">
      <include refid="Example_Where_Clause" />
    </if>
    <if test="orderByClause != null">
      order by ${orderByClause}
    </if>
  </select>
  <select id="selectByPrimaryKey" parameterType="java.lang.Integer" resultMap="BaseResultMap">
    <!--
      WARNING - @mbg.generated
      This element is automatically generated by MyBatis Generator, do not modify.
      This element was generated on Wed Apr 15 11:06:09 CST 2020.
    -->
    select 
    <include refid="Base_Column_List" />
    from community
    where community_id = #{communityId,jdbcType=INTEGER}
  </select>
  <delete id="deleteByPrimaryKey" parameterType="java.lang.Integer">
    <!--
      WARNING - @mbg.generated
      This element is automatically generated by MyBatis Generator, do not modify.
      This element was generated on Wed Apr 15 11:06:09 CST 2020.
    -->
    delete from community
    where community_id = #{communityId,jdbcType=INTEGER}
  </delete>
  <delete id="deleteByExample" parameterType="software.practice.distribution.entity.CommunityExample">
    <!--
      WARNING - @mbg.generated
      This element is automatically generated by MyBatis Generator, do not modify.
      This element was generated on Wed Apr 15 11:06:09 CST 2020.
    -->
    delete from community
    <if test="_parameter != null">
      <include refid="Example_Where_Clause" />
    </if>
  </delete>
  <insert id="insert" parameterType="software.practice.distribution.entity.Community">
    <!--
      WARNING - @mbg.generated
      This element is automatically generated by MyBatis Generator, do not modify.
      This element was generated on Wed Apr 15 11:06:09 CST 2020.
    -->
    insert into community (community_id, community_name, community_client
      )
    values (#{communityId,jdbcType=INTEGER}, #{communityName,jdbcType=VARCHAR}, #{communityClient,jdbcType=INTEGER}
      )
  </insert>
  <insert id="insertSelective" parameterType="software.practice.distribution.entity.Community">
    <!--
      WARNING - @mbg.generated
      This element is automatically generated by MyBatis Generator, do not modify.
      This element was generated on Wed Apr 15 11:06:09 CST 2020.
    -->
    insert into community
    <trim prefix="(" suffix=")" suffixOverrides=",">
      <if test="communityId != null">
        community_id,
      </if>
      <if test="communityName != null">
        community_name,
      </if>
      <if test="communityClient != null">
        community_client,
      </if>
    </trim>
    <trim prefix="values (" suffix=")" suffixOverrides=",">
      <if test="communityId != null">
        #{communityId,jdbcType=INTEGER},
      </if>
      <if test="communityName != null">
        #{communityName,jdbcType=VARCHAR},
      </if>
      <if test="communityClient != null">
        #{communityClient,jdbcType=INTEGER},
      </if>
    </trim>
  </insert>
  <select id="countByExample" parameterType="software.practice.distribution.entity.CommunityExample" resultType="java.lang.Long">
    <!--
      WARNING - @mbg.generated
      This element is automatically generated by MyBatis Generator, do not modify.
      This element was generated on Wed Apr 15 11:06:09 CST 2020.
    -->
    select count(*) from community
    <if test="_parameter != null">
      <include refid="Example_Where_Clause" />
    </if>
  </select>
  <update id="updateByExampleSelective" parameterType="map">
    <!--
      WARNING - @mbg.generated
      This element is automatically generated by MyBatis Generator, do not modify.
      This element was generated on Wed Apr 15 11:06:09 CST 2020.
    -->
    update community
    <set>
      <if test="record.communityId != null">
        community_id = #{record.communityId,jdbcType=INTEGER},
      </if>
      <if test="record.communityName != null">
        community_name = #{record.communityName,jdbcType=VARCHAR},
      </if>
      <if test="record.communityClient != null">
        community_client = #{record.communityClient,jdbcType=INTEGER},
      </if>
    </set>
    <if test="_parameter != null">
      <include refid="Update_By_Example_Where_Clause" />
    </if>
  </update>
  <update id="updateByExample" parameterType="map">
    <!--
      WARNING - @mbg.generated
      This element is automatically generated by MyBatis Generator, do not modify.
      This element was generated on Wed Apr 15 11:06:09 CST 2020.
    -->
    update community
    set community_id = #{record.communityId,jdbcType=INTEGER},
      community_name = #{record.communityName,jdbcType=VARCHAR},
      community_client = #{record.communityClient,jdbcType=INTEGER}
    <if test="_parameter != null">
      <include refid="Update_By_Example_Where_Clause" />
    </if>
  </update>
  <update id="updateByPrimaryKeySelective" parameterType="software.practice.distribution.entity.Community">
    <!--
      WARNING - @mbg.generated
      This element is automatically generated by MyBatis Generator, do not modify.
      This element was generated on Wed Apr 15 11:06:09 CST 2020.
    -->
    update community
    <set>
      <if test="communityName != null">
        community_name = #{communityName,jdbcType=VARCHAR},
      </if>
      <if test="communityClient != null">
        community_client = #{communityClient,jdbcType=INTEGER},
      </if>
    </set>
    where community_id = #{communityId,jdbcType=INTEGER}
  </update>
  <update id="updateByPrimaryKey" parameterType="software.practice.distribution.entity.Community">
    <!--
      WARNING - @mbg.generated
      This element is automatically generated by MyBatis Generator, do not modify.
      This element was generated on Wed Apr 15 11:06:09 CST 2020.
    -->
    update community
    set community_name = #{communityName,jdbcType=VARCHAR},
      community_client = #{communityClient,jdbcType=INTEGER}
    where community_id = #{communityId,jdbcType=INTEGER}
  </update>
</mapper>