<?xml version="1.0" encoding="UTF-8"?>
<!DOCTYPE mapper PUBLIC "-//mybatis.org//DTD Mapper 3.0//EN" "http://mybatis.org/dtd/mybatis-3-mapper.dtd">
<mapper namespace="software.practice.distribution.mapper.DealResponseMapper">
  <resultMap id="BaseResultMap" type="software.practice.distribution.entity.DealResponse">
    <!--
      WARNING - @mbg.generated
      This element is automatically generated by MyBatis Generator, do not modify.
      This element was generated on Wed Apr 15 11:06:09 CST 2020.
    -->
    <id column="deal_response_id" jdbcType="INTEGER" property="dealResponseId" />
    <result column="deal_response_ispass" jdbcType="TINYINT" property="dealResponseIspass" />
    <result column="deal_response_message" jdbcType="VARCHAR" property="dealResponseMessage" />
    <result column="deal_response_deal" jdbcType="INTEGER" property="dealResponseDeal" />
  </resultMap>
  <sql id="Example_Where_Clause">
    <!--
      WARNING - @mbg.generated
      This element is automatically generated by MyBatis Generator, do not modify.
      This element was generated on Wed Apr 15 11:06:09 CST 2020.
    -->
    <where>
      <foreach collection="oredCriteria" item="criteria" separator="or">
        <if test="criteria.valid">
          <trim prefix="(" prefixOverrides="and" suffix=")">
            <foreach collection="criteria.criteria" item="criterion">
              <choose>
                <when test="criterion.noValue">
                  and ${criterion.condition}
                </when>
                <when test="criterion.singleValue">
                  and ${criterion.condition} #{criterion.value}
                </when>
                <when test="criterion.betweenValue">
                  and ${criterion.condition} #{criterion.value} and #{criterion.secondValue}
                </when>
                <when test="criterion.listValue">
                  and ${criterion.condition}
                  <foreach close=")" collection="criterion.value" item="listItem" open="(" separator=",">
                    #{listItem}
                  </foreach>
                </when>
              </choose>
            </foreach>
          </trim>
        </if>
      </foreach>
    </where>
  </sql>
  <sql id="Update_By_Example_Where_Clause">
    <!--
      WARNING - @mbg.generated
      This element is automatically generated by MyBatis Generator, do not modify.
      This element was generated on Wed Apr 15 11:06:09 CST 2020.
    -->
    <where>
      <foreach collection="example.oredCriteria" item="criteria" separator="or">
        <if test="criteria.valid">
          <trim prefix="(" prefixOverrides="and" suffix=")">
            <foreach collection="criteria.criteria" item="criterion">
              <choose>
                <when test="criterion.noValue">
                  and ${criterion.condition}
                </when>
                <when test="criterion.singleValue">
                  and ${criterion.condition} #{criterion.value}
                </when>
                <when test="criterion.betweenValue">
                  and ${criterion.condition} #{criterion.value} and #{criterion.secondValue}
                </when>
                <when test="criterion.listValue">
                  and ${criterion.condition}
                  <foreach close=")" collection="criterion.value" item="listItem" open="(" separator=",">
                    #{listItem}
                  </foreach>
                </when>
              </choose>
            </foreach>
          </trim>
        </if>
      </foreach>
    </where>
  </sql>
  <sql id="Base_Column_List">
    <!--
      WARNING - @mbg.generated
      This element is automatically generated by MyBatis Generator, do not modify.
      This element was generated on Wed Apr 15 11:06:09 CST 2020.
    -->
    deal_response_id, deal_response_ispass, deal_response_message, deal_response_deal
  </sql>
  <select id="selectByExample" parameterType="software.practice.distribution.entity.DealResponseExample" resultMap="BaseResultMap">
    <!--
      WARNING - @mbg.generated
      This element is automatically generated by MyBatis Generator, do not modify.
      This element was generated on Wed Apr 15 11:06:09 CST 2020.
    -->
    select
    <if test="distinct">
      distinct
    </if>
    <include refid="Base_Column_List" />
    from deal_response
    <if test="_parameter != null">
      <include refid="Example_Where_Clause" />
    </if>
    <if test="orderByClause != null">
      order by ${orderByClause}
    </if>
  </select>
  <select id="selectByPrimaryKey" parameterType="java.lang.Integer" resultMap="BaseResultMap">
    <!--
      WARNING - @mbg.generated
      This element is automatically generated by MyBatis Generator, do not modify.
      This element was generated on Wed Apr 15 11:06:09 CST 2020.
    -->
    select 
    <include refid="Base_Column_List" />
    from deal_response
    where deal_response_id = #{dealResponseId,jdbcType=INTEGER}
  </select>
  <delete id="deleteByPrimaryKey" parameterType="java.lang.Integer">
    <!--
      WARNING - @mbg.generated
      This element is automatically generated by MyBatis Generator, do not modify.
      This element was generated on Wed Apr 15 11:06:09 CST 2020.
    -->
    delete from deal_response
    where deal_response_id = #{dealResponseId,jdbcType=INTEGER}
  </delete>
  <delete id="deleteByExample" parameterType="software.practice.distribution.entity.DealResponseExample">
    <!--
      WARNING - @mbg.generated
      This element is automatically generated by MyBatis Generator, do not modify.
      This element was generated on Wed Apr 15 11:06:09 CST 2020.
    -->
    delete from deal_response
    <if test="_parameter != null">
      <include refid="Example_Where_Clause" />
    </if>
  </delete>
  <insert id="insert" parameterType="software.practice.distribution.entity.DealResponse">
    <!--
      WARNING - @mbg.generated
      This element is automatically generated by MyBatis Generator, do not modify.
      This element was generated on Wed Apr 15 11:06:09 CST 2020.
    -->
    insert into deal_response (deal_response_id, deal_response_ispass, 
      deal_response_message, deal_response_deal)
    values (#{dealResponseId,jdbcType=INTEGER}, #{dealResponseIspass,jdbcType=TINYINT}, 
      #{dealResponseMessage,jdbcType=VARCHAR}, #{dealResponseDeal,jdbcType=INTEGER})
  </insert>
  <insert id="insertSelective" parameterType="software.practice.distribution.entity.DealResponse">
    <!--
      WARNING - @mbg.generated
      This element is automatically generated by MyBatis Generator, do not modify.
      This element was generated on Wed Apr 15 11:06:09 CST 2020.
    -->
    insert into deal_response
    <trim prefix="(" suffix=")" suffixOverrides=",">
      <if test="dealResponseId != null">
        deal_response_id,
      </if>
      <if test="dealResponseIspass != null">
        deal_response_ispass,
      </if>
      <if test="dealResponseMessage != null">
        deal_response_message,
      </if>
      <if test="dealResponseDeal != null">
        deal_response_deal,
      </if>
    </trim>
    <trim prefix="values (" suffix=")" suffixOverrides=",">
      <if test="dealResponseId != null">
        #{dealResponseId,jdbcType=INTEGER},
      </if>
      <if test="dealResponseIspass != null">
        #{dealResponseIspass,jdbcType=TINYINT},
      </if>
      <if test="dealResponseMessage != null">
        #{dealResponseMessage,jdbcType=VARCHAR},
      </if>
      <if test="dealResponseDeal != null">
        #{dealResponseDeal,jdbcType=INTEGER},
      </if>
    </trim>
  </insert>
  <select id="countByExample" parameterType="software.practice.distribution.entity.DealResponseExample" resultType="java.lang.Long">
    <!--
      WARNING - @mbg.generated
      This element is automatically generated by MyBatis Generator, do not modify.
      This element was generated on Wed Apr 15 11:06:09 CST 2020.
    -->
    select count(*) from deal_response
    <if test="_parameter != null">
      <include refid="Example_Where_Clause" />
    </if>
  </select>
  <update id="updateByExampleSelective" parameterType="map">
    <!--
      WARNING - @mbg.generated
      This element is automatically generated by MyBatis Generator, do not modify.
      This element was generated on Wed Apr 15 11:06:09 CST 2020.
    -->
    update deal_response
    <set>
      <if test="record.dealResponseId != null">
        deal_response_id = #{record.dealResponseId,jdbcType=INTEGER},
      </if>
      <if test="record.dealResponseIspass != null">
        deal_response_ispass = #{record.dealResponseIspass,jdbcType=TINYINT},
      </if>
      <if test="record.dealResponseMessage != null">
        deal_response_message = #{record.dealResponseMessage,jdbcType=VARCHAR},
      </if>
      <if test="record.dealResponseDeal != null">
        deal_response_deal = #{record.dealResponseDeal,jdbcType=INTEGER},
      </if>
    </set>
    <if test="_parameter != null">
      <include refid="Update_By_Example_Where_Clause" />
    </if>
  </update>
  <update id="updateByExample" parameterType="map">
    <!--
      WARNING - @mbg.generated
      This element is automatically generated by MyBatis Generator, do not modify.
      This element was generated on Wed Apr 15 11:06:09 CST 2020.
    -->
    update deal_response
    set deal_response_id = #{record.dealResponseId,jdbcType=INTEGER},
      deal_response_ispass = #{record.dealResponseIspass,jdbcType=TINYINT},
      deal_response_message = #{record.dealResponseMessage,jdbcType=VARCHAR},
      deal_response_deal = #{record.dealResponseDeal,jdbcType=INTEGER}
    <if test="_parameter != null">
      <include refid="Update_By_Example_Where_Clause" />
    </if>
  </update>
  <update id="updateByPrimaryKeySelective" parameterType="software.practice.distribution.entity.DealResponse">
    <!--
      WARNING - @mbg.generated
      This element is automatically generated by MyBatis Generator, do not modify.
      This element was generated on Wed Apr 15 11:06:09 CST 2020.
    -->
    update deal_response
    <set>
      <if test="dealResponseIspass != null">
        deal_response_ispass = #{dealResponseIspass,jdbcType=TINYINT},
      </if>
      <if test="dealResponseMessage != null">
        deal_response_message = #{dealResponseMessage,jdbcType=VARCHAR},
      </if>
      <if test="dealResponseDeal != null">
        deal_response_deal = #{dealResponseDeal,jdbcType=INTEGER},
      </if>
    </set>
    where deal_response_id = #{dealResponseId,jdbcType=INTEGER}
  </update>
  <update id="updateByPrimaryKey" parameterType="software.practice.distribution.entity.DealResponse">
    <!--
      WARNING - @mbg.generated
      This element is automatically generated by MyBatis Generator, do not modify.
      This element was generated on Wed Apr 15 11:06:09 CST 2020.
    -->
    update deal_response
    set deal_response_ispass = #{dealResponseIspass,jdbcType=TINYINT},
      deal_response_message = #{dealResponseMessage,jdbcType=VARCHAR},
      deal_response_deal = #{dealResponseDeal,jdbcType=INTEGER}
    where deal_response_id = #{dealResponseId,jdbcType=INTEGER}
  </update>
</mapper>