<?xml version="1.0" encoding="UTF-8"?>
<!DOCTYPE mapper PUBLIC "-//mybatis.org//DTD Mapper 3.0//EN" "http://mybatis.org/dtd/mybatis-3-mapper.dtd">
<mapper namespace="software.practice.distribution.mapper.DealMapper">
  <resultMap id="BaseResultMap" type="software.practice.distribution.entity.Deal">
    <!--
      WARNING - @mbg.generated
      This element is automatically generated by MyBatis Generator, do not modify.
      This element was generated on Wed Apr 15 11:06:09 CST 2020.
    -->
    <id column="deal_id" jdbcType="INTEGER" property="dealId" />
    <result column="deal_user" jdbcType="INTEGER" property="dealUser" />
    <result column="deal_package" jdbcType="INTEGER" property="dealPackage" />
    <result column="deal_content" jdbcType="VARCHAR" property="dealContent" />
    <result column="deal_isdone" jdbcType="TINYINT" property="dealIsdone" />
  </resultMap>
  <sql id="Example_Where_Clause">
    <!--
      WARNING - @mbg.generated
      This element is automatically generated by MyBatis Generator, do not modify.
      This element was generated on Wed Apr 15 11:06:09 CST 2020.
    -->
    <where>
      <foreach collection="oredCriteria" item="criteria" separator="or">
        <if test="criteria.valid">
          <trim prefix="(" prefixOverrides="and" suffix=")">
            <foreach collection="criteria.criteria" item="criterion">
              <choose>
                <when test="criterion.noValue">
                  and ${criterion.condition}
                </when>
                <when test="criterion.singleValue">
                  and ${criterion.condition} #{criterion.value}
                </when>
                <when test="criterion.betweenValue">
                  and ${criterion.condition} #{criterion.value} and #{criterion.secondValue}
                </when>
                <when test="criterion.listValue">
                  and ${criterion.condition}
                  <foreach close=")" collection="criterion.value" item="listItem" open="(" separator=",">
                    #{listItem}
                  </foreach>
                </when>
              </choose>
            </foreach>
          </trim>
        </if>
      </foreach>
    </where>
  </sql>
  <sql id="Update_By_Example_Where_Clause">
    <!--
      WARNING - @mbg.generated
      This element is automatically generated by MyBatis Generator, do not modify.
      This element was generated on Wed Apr 15 11:06:09 CST 2020.
    -->
    <where>
      <foreach collection="example.oredCriteria" item="criteria" separator="or">
        <if test="criteria.valid">
          <trim prefix="(" prefixOverrides="and" suffix=")">
            <foreach collection="criteria.criteria" item="criterion">
              <choose>
                <when test="criterion.noValue">
                  and ${criterion.condition}
                </when>
                <when test="criterion.singleValue">
                  and ${criterion.condition} #{criterion.value}
                </when>
                <when test="criterion.betweenValue">
                  and ${criterion.condition} #{criterion.value} and #{criterion.secondValue}
                </when>
                <when test="criterion.listValue">
                  and ${criterion.condition}
                  <foreach close=")" collection="criterion.value" item="listItem" open="(" separator=",">
                    #{listItem}
                  </foreach>
                </when>
              </choose>
            </foreach>
          </trim>
        </if>
      </foreach>
    </where>
  </sql>
  <sql id="Base_Column_List">
    <!--
      WARNING - @mbg.generated
      This element is automatically generated by MyBatis Generator, do not modify.
      This element was generated on Wed Apr 15 11:06:09 CST 2020.
    -->
    deal_id, deal_user, deal_package, deal_content, deal_isdone
  </sql>
  <select id="selectByExample" parameterType="software.practice.distribution.entity.DealExample" resultMap="BaseResultMap">
    <!--
      WARNING - @mbg.generated
      This element is automatically generated by MyBatis Generator, do not modify.
      This element was generated on Wed Apr 15 11:06:09 CST 2020.
    -->
    select
    <if test="distinct">
      distinct
    </if>
    <include refid="Base_Column_List" />
    from deal
    <if test="_parameter != null">
      <include refid="Example_Where_Clause" />
    </if>
    <if test="orderByClause != null">
      order by ${orderByClause}
    </if>
  </select>
  <select id="selectByPrimaryKey" parameterType="java.lang.Integer" resultMap="BaseResultMap">
    <!--
      WARNING - @mbg.generated
      This element is automatically generated by MyBatis Generator, do not modify.
      This element was generated on Wed Apr 15 11:06:09 CST 2020.
    -->
    select 
    <include refid="Base_Column_List" />
    from deal
    where deal_id = #{dealId,jdbcType=INTEGER}
  </select>
  <delete id="deleteByPrimaryKey" parameterType="java.lang.Integer">
    <!--
      WARNING - @mbg.generated
      This element is automatically generated by MyBatis Generator, do not modify.
      This element was generated on Wed Apr 15 11:06:09 CST 2020.
    -->
    delete from deal
    where deal_id = #{dealId,jdbcType=INTEGER}
  </delete>
  <delete id="deleteByExample" parameterType="software.practice.distribution.entity.DealExample">
    <!--
      WARNING - @mbg.generated
      This element is automatically generated by MyBatis Generator, do not modify.
      This element was generated on Wed Apr 15 11:06:09 CST 2020.
    -->
    delete from deal
    <if test="_parameter != null">
      <include refid="Example_Where_Clause" />
    </if>
  </delete>
  <insert id="insert" parameterType="software.practice.distribution.entity.Deal">
    <!--
      WARNING - @mbg.generated
      This element is automatically generated by MyBatis Generator, do not modify.
      This element was generated on Wed Apr 15 11:06:09 CST 2020.
    -->
    insert into deal (deal_id, deal_user, deal_package, 
      deal_content, deal_isdone)
    values (#{dealId,jdbcType=INTEGER}, #{dealUser,jdbcType=INTEGER}, #{dealPackage,jdbcType=INTEGER}, 
      #{dealContent,jdbcType=VARCHAR}, #{dealIsdone,jdbcType=TINYINT})
  </insert>
  <insert id="insertSelective" parameterType="software.practice.distribution.entity.Deal">
    <!--
      WARNING - @mbg.generated
      This element is automatically generated by MyBatis Generator, do not modify.
      This element was generated on Wed Apr 15 11:06:09 CST 2020.
    -->
    insert into deal
    <trim prefix="(" suffix=")" suffixOverrides=",">
      <if test="dealId != null">
        deal_id,
      </if>
      <if test="dealUser != null">
        deal_user,
      </if>
      <if test="dealPackage != null">
        deal_package,
      </if>
      <if test="dealContent != null">
        deal_content,
      </if>
      <if test="dealIsdone != null">
        deal_isdone,
      </if>
    </trim>
    <trim prefix="values (" suffix=")" suffixOverrides=",">
      <if test="dealId != null">
        #{dealId,jdbcType=INTEGER},
      </if>
      <if test="dealUser != null">
        #{dealUser,jdbcType=INTEGER},
      </if>
      <if test="dealPackage != null">
        #{dealPackage,jdbcType=INTEGER},
      </if>
      <if test="dealContent != null">
        #{dealContent,jdbcType=VARCHAR},
      </if>
      <if test="dealIsdone != null">
        #{dealIsdone,jdbcType=TINYINT},
      </if>
    </trim>
  </insert>
  <select id="countByExample" parameterType="software.practice.distribution.entity.DealExample" resultType="java.lang.Long">
    <!--
      WARNING - @mbg.generated
      This element is automatically generated by MyBatis Generator, do not modify.
      This element was generated on Wed Apr 15 11:06:09 CST 2020.
    -->
    select count(*) from deal
    <if test="_parameter != null">
      <include refid="Example_Where_Clause" />
    </if>
  </select>
  <update id="updateByExampleSelective" parameterType="map">
    <!--
      WARNING - @mbg.generated
      This element is automatically generated by MyBatis Generator, do not modify.
      This element was generated on Wed Apr 15 11:06:09 CST 2020.
    -->
    update deal
    <set>
      <if test="record.dealId != null">
        deal_id = #{record.dealId,jdbcType=INTEGER},
      </if>
      <if test="record.dealUser != null">
        deal_user = #{record.dealUser,jdbcType=INTEGER},
      </if>
      <if test="record.dealPackage != null">
        deal_package = #{record.dealPackage,jdbcType=INTEGER},
      </if>
      <if test="record.dealContent != null">
        deal_content = #{record.dealContent,jdbcType=VARCHAR},
      </if>
      <if test="record.dealIsdone != null">
        deal_isdone = #{record.dealIsdone,jdbcType=TINYINT},
      </if>
    </set>
    <if test="_parameter != null">
      <include refid="Update_By_Example_Where_Clause" />
    </if>
  </update>
  <update id="updateByExample" parameterType="map">
    <!--
      WARNING - @mbg.generated
      This element is automatically generated by MyBatis Generator, do not modify.
      This element was generated on Wed Apr 15 11:06:09 CST 2020.
    -->
    update deal
    set deal_id = #{record.dealId,jdbcType=INTEGER},
      deal_user = #{record.dealUser,jdbcType=INTEGER},
      deal_package = #{record.dealPackage,jdbcType=INTEGER},
      deal_content = #{record.dealContent,jdbcType=VARCHAR},
      deal_isdone = #{record.dealIsdone,jdbcType=TINYINT}
    <if test="_parameter != null">
      <include refid="Update_By_Example_Where_Clause" />
    </if>
  </update>
  <update id="updateByPrimaryKeySelective" parameterType="software.practice.distribution.entity.Deal">
    <!--
      WARNING - @mbg.generated
      This element is automatically generated by MyBatis Generator, do not modify.
      This element was generated on Wed Apr 15 11:06:09 CST 2020.
    -->
    update deal
    <set>
      <if test="dealUser != null">
        deal_user = #{dealUser,jdbcType=INTEGER},
      </if>
      <if test="dealPackage != null">
        deal_package = #{dealPackage,jdbcType=INTEGER},
      </if>
      <if test="dealContent != null">
        deal_content = #{dealContent,jdbcType=VARCHAR},
      </if>
      <if test="dealIsdone != null">
        deal_isdone = #{dealIsdone,jdbcType=TINYINT},
      </if>
    </set>
    where deal_id = #{dealId,jdbcType=INTEGER}
  </update>
  <update id="updateByPrimaryKey" parameterType="software.practice.distribution.entity.Deal">
    <!--
      WARNING - @mbg.generated
      This element is automatically generated by MyBatis Generator, do not modify.
      This element was generated on Wed Apr 15 11:06:09 CST 2020.
    -->
    update deal
    set deal_user = #{dealUser,jdbcType=INTEGER},
      deal_package = #{dealPackage,jdbcType=INTEGER},
      deal_content = #{dealContent,jdbcType=VARCHAR},
      deal_isdone = #{dealIsdone,jdbcType=TINYINT}
    where deal_id = #{dealId,jdbcType=INTEGER}
  </update>
</mapper>