<?xml version="1.0" encoding="UTF-8"?>
<!DOCTYPE mapper PUBLIC "-//mybatis.org//DTD Mapper 3.0//EN" "http://mybatis.org/dtd/mybatis-3-mapper.dtd">
<mapper namespace="software.practice.distribution.mapper.PackageMapper">
  <resultMap id="BaseResultMap" type="software.practice.distribution.entity.Package">
    <!--
      WARNING - @mbg.generated
      This element is automatically generated by MyBatis Generator, do not modify.
      This element was generated on Wed Apr 15 11:06:09 CST 2020.
    -->
    <id column="package_id" jdbcType="INTEGER" property="packageId" />
    <result column="package_user" jdbcType="INTEGER" property="packageUser" />
    <result column="package_content" jdbcType="VARCHAR" property="packageContent" />
  </resultMap>
  <sql id="Example_Where_Clause">
    <!--
      WARNING - @mbg.generated
      This element is automatically generated by MyBatis Generator, do not modify.
      This element was generated on Wed Apr 15 11:06:09 CST 2020.
    -->
    <where>
      <foreach collection="oredCriteria" item="criteria" separator="or">
        <if test="criteria.valid">
          <trim prefix="(" prefixOverrides="and" suffix=")">
            <foreach collection="criteria.criteria" item="criterion">
              <choose>
                <when test="criterion.noValue">
                  and ${criterion.condition}
                </when>
                <when test="criterion.singleValue">
                  and ${criterion.condition} #{criterion.value}
                </when>
                <when test="criterion.betweenValue">
                  and ${criterion.condition} #{criterion.value} and #{criterion.secondValue}
                </when>
                <when test="criterion.listValue">
                  and ${criterion.condition}
                  <foreach close=")" collection="criterion.value" item="listItem" open="(" separator=",">
                    #{listItem}
                  </foreach>
                </when>
              </choose>
            </foreach>
          </trim>
        </if>
      </foreach>
    </where>
  </sql>
  <sql id="Update_By_Example_Where_Clause">
    <!--
      WARNING - @mbg.generated
      This element is automatically generated by MyBatis Generator, do not modify.
      This element was generated on Wed Apr 15 11:06:09 CST 2020.
    -->
    <where>
      <foreach collection="example.oredCriteria" item="criteria" separator="or">
        <if test="criteria.valid">
          <trim prefix="(" prefixOverrides="and" suffix=")">
            <foreach collection="criteria.criteria" item="criterion">
              <choose>
                <when test="criterion.noValue">
                  and ${criterion.condition}
                </when>
                <when test="criterion.singleValue">
                  and ${criterion.condition} #{criterion.value}
                </when>
                <when test="criterion.betweenValue">
                  and ${criterion.condition} #{criterion.value} and #{criterion.secondValue}
                </when>
                <when test="criterion.listValue">
                  and ${criterion.condition}
                  <foreach close=")" collection="criterion.value" item="listItem" open="(" separator=",">
                    #{listItem}
                  </foreach>
                </when>
              </choose>
            </foreach>
          </trim>
        </if>
      </foreach>
    </where>
  </sql>
  <sql id="Base_Column_List">
    <!--
      WARNING - @mbg.generated
      This element is automatically generated by MyBatis Generator, do not modify.
      This element was generated on Wed Apr 15 11:06:09 CST 2020.
    -->
    package_id, package_user, package_content
  </sql>
  <select id="selectByExample" parameterType="software.practice.distribution.entity.PackageExample" resultMap="BaseResultMap">
    <!--
      WARNING - @mbg.generated
      This element is automatically generated by MyBatis Generator, do not modify.
      This element was generated on Wed Apr 15 11:06:09 CST 2020.
    -->
    select
    <if test="distinct">
      distinct
    </if>
    <include refid="Base_Column_List" />
    from package
    <if test="_parameter != null">
      <include refid="Example_Where_Clause" />
    </if>
    <if test="orderByClause != null">
      order by ${orderByClause}
    </if>
  </select>
  <select id="selectByPrimaryKey" parameterType="java.lang.Integer" resultMap="BaseResultMap">
    <!--
      WARNING - @mbg.generated
      This element is automatically generated by MyBatis Generator, do not modify.
      This element was generated on Wed Apr 15 11:06:09 CST 2020.
    -->
    select 
    <include refid="Base_Column_List" />
    from package
    where package_id = #{packageId,jdbcType=INTEGER}
  </select>
  <delete id="deleteByPrimaryKey" parameterType="java.lang.Integer">
    <!--
      WARNING - @mbg.generated
      This element is automatically generated by MyBatis Generator, do not modify.
      This element was generated on Wed Apr 15 11:06:09 CST 2020.
    -->
    delete from package
    where package_id = #{packageId,jdbcType=INTEGER}
  </delete>
  <delete id="deleteByExample" parameterType="software.practice.distribution.entity.PackageExample">
    <!--
      WARNING - @mbg.generated
      This element is automatically generated by MyBatis Generator, do not modify.
      This element was generated on Wed Apr 15 11:06:09 CST 2020.
    -->
    delete from package
    <if test="_parameter != null">
      <include refid="Example_Where_Clause" />
    </if>
  </delete>
  <insert id="insert" parameterType="software.practice.distribution.entity.Package">
    <!--
      WARNING - @mbg.generated
      This element is automatically generated by MyBatis Generator, do not modify.
      This element was generated on Wed Apr 15 11:06:09 CST 2020.
    -->
    insert into package (package_id, package_user, package_content
      )
    values (#{packageId,jdbcType=INTEGER}, #{packageUser,jdbcType=INTEGER}, #{packageContent,jdbcType=VARCHAR}
      )
  </insert>
  <insert id="insertSelective" parameterType="software.practice.distribution.entity.Package">
    <!--
      WARNING - @mbg.generated
      This element is automatically generated by MyBatis Generator, do not modify.
      This element was generated on Wed Apr 15 11:06:09 CST 2020.
    -->
    insert into package
    <trim prefix="(" suffix=")" suffixOverrides=",">
      <if test="packageId != null">
        package_id,
      </if>
      <if test="packageUser != null">
        package_user,
      </if>
      <if test="packageContent != null">
        package_content,
      </if>
    </trim>
    <trim prefix="values (" suffix=")" suffixOverrides=",">
      <if test="packageId != null">
        #{packageId,jdbcType=INTEGER},
      </if>
      <if test="packageUser != null">
        #{packageUser,jdbcType=INTEGER},
      </if>
      <if test="packageContent != null">
        #{packageContent,jdbcType=VARCHAR},
      </if>
    </trim>
  </insert>
  <select id="countByExample" parameterType="software.practice.distribution.entity.PackageExample" resultType="java.lang.Long">
    <!--
      WARNING - @mbg.generated
      This element is automatically generated by MyBatis Generator, do not modify.
      This element was generated on Wed Apr 15 11:06:09 CST 2020.
    -->
    select count(*) from package
    <if test="_parameter != null">
      <include refid="Example_Where_Clause" />
    </if>
  </select>
  <update id="updateByExampleSelective" parameterType="map">
    <!--
      WARNING - @mbg.generated
      This element is automatically generated by MyBatis Generator, do not modify.
      This element was generated on Wed Apr 15 11:06:09 CST 2020.
    -->
    update package
    <set>
      <if test="record.packageId != null">
        package_id = #{record.packageId,jdbcType=INTEGER},
      </if>
      <if test="record.packageUser != null">
        package_user = #{record.packageUser,jdbcType=INTEGER},
      </if>
      <if test="record.packageContent != null">
        package_content = #{record.packageContent,jdbcType=VARCHAR},
      </if>
    </set>
    <if test="_parameter != null">
      <include refid="Update_By_Example_Where_Clause" />
    </if>
  </update>
  <update id="updateByExample" parameterType="map">
    <!--
      WARNING - @mbg.generated
      This element is automatically generated by MyBatis Generator, do not modify.
      This element was generated on Wed Apr 15 11:06:09 CST 2020.
    -->
    update package
    set package_id = #{record.packageId,jdbcType=INTEGER},
      package_user = #{record.packageUser,jdbcType=INTEGER},
      package_content = #{record.packageContent,jdbcType=VARCHAR}
    <if test="_parameter != null">
      <include refid="Update_By_Example_Where_Clause" />
    </if>
  </update>
  <update id="updateByPrimaryKeySelective" parameterType="software.practice.distribution.entity.Package">
    <!--
      WARNING - @mbg.generated
      This element is automatically generated by MyBatis Generator, do not modify.
      This element was generated on Wed Apr 15 11:06:09 CST 2020.
    -->
    update package
    <set>
      <if test="packageUser != null">
        package_user = #{packageUser,jdbcType=INTEGER},
      </if>
      <if test="packageContent != null">
        package_content = #{packageContent,jdbcType=VARCHAR},
      </if>
    </set>
    where package_id = #{packageId,jdbcType=INTEGER}
  </update>
  <update id="updateByPrimaryKey" parameterType="software.practice.distribution.entity.Package">
    <!--
      WARNING - @mbg.generated
      This element is automatically generated by MyBatis Generator, do not modify.
      This element was generated on Wed Apr 15 11:06:09 CST 2020.
    -->
    update package
    set package_user = #{packageUser,jdbcType=INTEGER},
      package_content = #{packageContent,jdbcType=VARCHAR}
    where package_id = #{packageId,jdbcType=INTEGER}
  </update>
</mapper>