<?xml version="1.0" encoding="UTF-8"?>
<!DOCTYPE mapper PUBLIC "-//mybatis.org//DTD Mapper 3.0//EN" "http://mybatis.org/dtd/mybatis-3-mapper.dtd">
<mapper namespace="software.practice.distribution.mapper.UserMapper">
  <resultMap id="BaseResultMap" type="software.practice.distribution.entity.User">
    <!--
      WARNING - @mbg.generated
      This element is automatically generated by MyBatis Generator, do not modify.
      This element was generated on Wed Apr 15 11:06:09 CST 2020.
    -->
    <id column="user_id" jdbcType="INTEGER" property="userId" />
    <result column="user_name" jdbcType="VARCHAR" property="userName" />
    <result column="user_address" jdbcType="VARCHAR" property="userAddress" />
    <result column="user_favorite_starttime" jdbcType="TIME" property="userFavoriteStarttime" />
    <result column="user_time_stay" jdbcType="INTEGER" property="userTimeStay" />
    <result column="user_community" jdbcType="INTEGER" property="userCommunity" />
    <result column="user_password" jdbcType="VARCHAR" property="userPassword" />
  </resultMap>
  <sql id="Example_Where_Clause">
    <!--
      WARNING - @mbg.generated
      This element is automatically generated by MyBatis Generator, do not modify.
      This element was generated on Wed Apr 15 11:06:09 CST 2020.
    -->
    <where>
      <foreach collection="oredCriteria" item="criteria" separator="or">
        <if test="criteria.valid">
          <trim prefix="(" prefixOverrides="and" suffix=")">
            <foreach collection="criteria.criteria" item="criterion">
              <choose>
                <when test="criterion.noValue">
                  and ${criterion.condition}
                </when>
                <when test="criterion.singleValue">
                  and ${criterion.condition} #{criterion.value}
                </when>
                <when test="criterion.betweenValue">
                  and ${criterion.condition} #{criterion.value} and #{criterion.secondValue}
                </when>
                <when test="criterion.listValue">
                  and ${criterion.condition}
                  <foreach close=")" collection="criterion.value" item="listItem" open="(" separator=",">
                    #{listItem}
                  </foreach>
                </when>
              </choose>
            </foreach>
          </trim>
        </if>
      </foreach>
    </where>
  </sql>
  <sql id="Update_By_Example_Where_Clause">
    <!--
      WARNING - @mbg.generated
      This element is automatically generated by MyBatis Generator, do not modify.
      This element was generated on Wed Apr 15 11:06:09 CST 2020.
    -->
    <where>
      <foreach collection="example.oredCriteria" item="criteria" separator="or">
        <if test="criteria.valid">
          <trim prefix="(" prefixOverrides="and" suffix=")">
            <foreach collection="criteria.criteria" item="criterion">
              <choose>
                <when test="criterion.noValue">
                  and ${criterion.condition}
                </when>
                <when test="criterion.singleValue">
                  and ${criterion.condition} #{criterion.value}
                </when>
                <when test="criterion.betweenValue">
                  and ${criterion.condition} #{criterion.value} and #{criterion.secondValue}
                </when>
                <when test="criterion.listValue">
                  and ${criterion.condition}
                  <foreach close=")" collection="criterion.value" item="listItem" open="(" separator=",">
                    #{listItem}
                  </foreach>
                </when>
              </choose>
            </foreach>
          </trim>
        </if>
      </foreach>
    </where>
  </sql>
  <sql id="Base_Column_List">
    <!--
      WARNING - @mbg.generated
      This element is automatically generated by MyBatis Generator, do not modify.
      This element was generated on Wed Apr 15 11:06:09 CST 2020.
    -->
    user_id, user_name, user_address, user_favorite_starttime, user_time_stay, user_community, 
    user_password
  </sql>
  <select id="selectByExample" parameterType="software.practice.distribution.entity.UserExample" resultMap="BaseResultMap">
    <!--
      WARNING - @mbg.generated
      This element is automatically generated by MyBatis Generator, do not modify.
      This element was generated on Wed Apr 15 11:06:09 CST 2020.
    -->
    select
    <if test="distinct">
      distinct
    </if>
    <include refid="Base_Column_List" />
    from user
    <if test="_parameter != null">
      <include refid="Example_Where_Clause" />
    </if>
    <if test="orderByClause != null">
      order by ${orderByClause}
    </if>
  </select>
  <select id="selectByPrimaryKey" parameterType="java.lang.Integer" resultMap="BaseResultMap">
    <!--
      WARNING - @mbg.generated
      This element is automatically generated by MyBatis Generator, do not modify.
      This element was generated on Wed Apr 15 11:06:09 CST 2020.
    -->
    select 
    <include refid="Base_Column_List" />
    from user
    where user_id = #{userId,jdbcType=INTEGER}
  </select>
  <delete id="deleteByPrimaryKey" parameterType="java.lang.Integer">
    <!--
      WARNING - @mbg.generated
      This element is automatically generated by MyBatis Generator, do not modify.
      This element was generated on Wed Apr 15 11:06:09 CST 2020.
    -->
    delete from user
    where user_id = #{userId,jdbcType=INTEGER}
  </delete>
  <delete id="deleteByExample" parameterType="software.practice.distribution.entity.UserExample">
    <!--
      WARNING - @mbg.generated
      This element is automatically generated by MyBatis Generator, do not modify.
      This element was generated on Wed Apr 15 11:06:09 CST 2020.
    -->
    delete from user
    <if test="_parameter != null">
      <include refid="Example_Where_Clause" />
    </if>
  </delete>
  <insert id="insert" parameterType="software.practice.distribution.entity.User">
    <!--
      WARNING - @mbg.generated
      This element is automatically generated by MyBatis Generator, do not modify.
      This element was generated on Wed Apr 15 11:06:09 CST 2020.
    -->
    insert into user (user_id, user_name, user_address, 
      user_favorite_starttime, user_time_stay, user_community, 
      user_password)
    values (#{userId,jdbcType=INTEGER}, #{userName,jdbcType=VARCHAR}, #{userAddress,jdbcType=VARCHAR}, 
      #{userFavoriteStarttime,jdbcType=TIME}, #{userTimeStay,jdbcType=INTEGER}, #{userCommunity,jdbcType=INTEGER}, 
      #{userPassword,jdbcType=VARCHAR})
  </insert>
  <insert id="insertSelective" parameterType="software.practice.distribution.entity.User">
    <!--
      WARNING - @mbg.generated
      This element is automatically generated by MyBatis Generator, do not modify.
      This element was generated on Wed Apr 15 11:06:09 CST 2020.
    -->
    insert into user
    <trim prefix="(" suffix=")" suffixOverrides=",">
      <if test="userId != null">
        user_id,
      </if>
      <if test="userName != null">
        user_name,
      </if>
      <if test="userAddress != null">
        user_address,
      </if>
      <if test="userFavoriteStarttime != null">
        user_favorite_starttime,
      </if>
      <if test="userTimeStay != null">
        user_time_stay,
      </if>
      <if test="userCommunity != null">
        user_community,
      </if>
      <if test="userPassword != null">
        user_password,
      </if>
    </trim>
    <trim prefix="values (" suffix=")" suffixOverrides=",">
      <if test="userId != null">
        #{userId,jdbcType=INTEGER},
      </if>
      <if test="userName != null">
        #{userName,jdbcType=VARCHAR},
      </if>
      <if test="userAddress != null">
        #{userAddress,jdbcType=VARCHAR},
      </if>
      <if test="userFavoriteStarttime != null">
        #{userFavoriteStarttime,jdbcType=TIME},
      </if>
      <if test="userTimeStay != null">
        #{userTimeStay,jdbcType=INTEGER},
      </if>
      <if test="userCommunity != null">
        #{userCommunity,jdbcType=INTEGER},
      </if>
      <if test="userPassword != null">
        #{userPassword,jdbcType=VARCHAR},
      </if>
    </trim>
  </insert>
  <select id="countByExample" parameterType="software.practice.distribution.entity.UserExample" resultType="java.lang.Long">
    <!--
      WARNING - @mbg.generated
      This element is automatically generated by MyBatis Generator, do not modify.
      This element was generated on Wed Apr 15 11:06:09 CST 2020.
    -->
    select count(*) from user
    <if test="_parameter != null">
      <include refid="Example_Where_Clause" />
    </if>
  </select>
  <update id="updateByExampleSelective" parameterType="map">
    <!--
      WARNING - @mbg.generated
      This element is automatically generated by MyBatis Generator, do not modify.
      This element was generated on Wed Apr 15 11:06:09 CST 2020.
    -->
    update user
    <set>
      <if test="record.userId != null">
        user_id = #{record.userId,jdbcType=INTEGER},
      </if>
      <if test="record.userName != null">
        user_name = #{record.userName,jdbcType=VARCHAR},
      </if>
      <if test="record.userAddress != null">
        user_address = #{record.userAddress,jdbcType=VARCHAR},
      </if>
      <if test="record.userFavoriteStarttime != null">
        user_favorite_starttime = #{record.userFavoriteStarttime,jdbcType=TIME},
      </if>
      <if test="record.userTimeStay != null">
        user_time_stay = #{record.userTimeStay,jdbcType=INTEGER},
      </if>
      <if test="record.userCommunity != null">
        user_community = #{record.userCommunity,jdbcType=INTEGER},
      </if>
      <if test="record.userPassword != null">
        user_password = #{record.userPassword,jdbcType=VARCHAR},
      </if>
    </set>
    <if test="_parameter != null">
      <include refid="Update_By_Example_Where_Clause" />
    </if>
  </update>
  <update id="updateByExample" parameterType="map">
    <!--
      WARNING - @mbg.generated
      This element is automatically generated by MyBatis Generator, do not modify.
      This element was generated on Wed Apr 15 11:06:09 CST 2020.
    -->
    update user
    set user_id = #{record.userId,jdbcType=INTEGER},
      user_name = #{record.userName,jdbcType=VARCHAR},
      user_address = #{record.userAddress,jdbcType=VARCHAR},
      user_favorite_starttime = #{record.userFavoriteStarttime,jdbcType=TIME},
      user_time_stay = #{record.userTimeStay,jdbcType=INTEGER},
      user_community = #{record.userCommunity,jdbcType=INTEGER},
      user_password = #{record.userPassword,jdbcType=VARCHAR}
    <if test="_parameter != null">
      <include refid="Update_By_Example_Where_Clause" />
    </if>
  </update>
  <update id="updateByPrimaryKeySelective" parameterType="software.practice.distribution.entity.User">
    <!--
      WARNING - @mbg.generated
      This element is automatically generated by MyBatis Generator, do not modify.
      This element was generated on Wed Apr 15 11:06:09 CST 2020.
    -->
    update user
    <set>
      <if test="userName != null">
        user_name = #{userName,jdbcType=VARCHAR},
      </if>
      <if test="userAddress != null">
        user_address = #{userAddress,jdbcType=VARCHAR},
      </if>
      <if test="userFavoriteStarttime != null">
        user_favorite_starttime = #{userFavoriteStarttime,jdbcType=TIME},
      </if>
      <if test="userTimeStay != null">
        user_time_stay = #{userTimeStay,jdbcType=INTEGER},
      </if>
      <if test="userCommunity != null">
        user_community = #{userCommunity,jdbcType=INTEGER},
      </if>
      <if test="userPassword != null">
        user_password = #{userPassword,jdbcType=VARCHAR},
      </if>
    </set>
    where user_id = #{userId,jdbcType=INTEGER}
  </update>
  <update id="updateByPrimaryKey" parameterType="software.practice.distribution.entity.User">
    <!--
      WARNING - @mbg.generated
      This element is automatically generated by MyBatis Generator, do not modify.
      This element was generated on Wed Apr 15 11:06:09 CST 2020.
    -->
    update user
    set user_name = #{userName,jdbcType=VARCHAR},
      user_address = #{userAddress,jdbcType=VARCHAR},
      user_favorite_starttime = #{userFavoriteStarttime,jdbcType=TIME},
      user_time_stay = #{userTimeStay,jdbcType=INTEGER},
      user_community = #{userCommunity,jdbcType=INTEGER},
      user_password = #{userPassword,jdbcType=VARCHAR}
    where user_id = #{userId,jdbcType=INTEGER}
  </update>
</mapper>